skill,filter_type,skill_subsuper,freqcy_2015,freqcy_2016,freqcy_2017,y2015_71338,y2016_232021,y2017_129322
personal style,no_filter,,0,42,61,,,
extrovert,no_filter,,0,71,41,,,
basic japanese,no_filter,,0,21,19,,,
leading large teams,no_filter,,0,11,13,,,
committment,no_filter,,0,23,11,,,
determined to succeed,no_filter,,0,10,9,,,
bilingual proficiency,subsuper,,0,27,8,,,
administartion,no_filter,,0,6,5,,,
delivering technical training,no_filter,,0,4,4,,,
personal injury,no_filter,,0,4,4,,,
certified financial planner,subsuper,,0,8,3,,,
hardwork,no_filter,,0,8,2,,,
cruise ships,subsuper,,0,2,2,,,
excavators,no_filter,,0,1,2,,,
injection molding machines,subsuper,,0,0,2,,,
basics of unix,no_filter,,0,0,2,,,
convincing power,subsuper,,0,1,1,,,
international distribution,subsuper,,0,0,1,,,
volunteer engagement,subsuper,,0,0,1,,,
espresso machines,no_filter,,0,0,1,,,
solid computer skills,subsuper,,0,11,0,,,
addictions,no_filter,,0,2,0,,,
dart for publishers,no_filter,,0,2,0,,,
ibm spss statistics,subsuper,,0,1,0,,,
acquistions,no_filter,,0,1,0,,,
contract negotiating,subsuper,,0,0,0,,,
reality tv,subsuper,,0,0,0,,,
whiteboards,subsuper,,0,0,0,,,
call center software,subsuper,,0,0,0,,,
surface grinding machines,subsuper,,0,0,0,,,
oracle hyperion software,subsuper,,0,0,0,,,
body armor,no_filter,,0,0,0,,,
coin counting machines,no_filter,,0,0,0,,,
drop tables,no_filter,,0,0,0,,,
forks,no_filter,,0,0,0,,,
post once,no_filter,,0,0,0,,,
safety vests,no_filter,,0,0,0,,,
signal lights,no_filter,,0,0,0,,,
spoons,no_filter,,0,0,0,,,
squares,no_filter,,0,0,0,,,
underwear,no_filter,,0,0,0,,,
adaptable to changes,subsuper,,1,134,75,,,
certified public accountant,subsuper,,1,84,64,,,
logical thinker,no_filter,,1,41,53,,,
certified internal auditor,subsuper,,1,55,40,,,
facebook ads,subsuper,,1,25,35,,,
quick thinker,no_filter,,1,21,32,,,
client service oriented,subsuper,,1,34,22,,,
passion to succeed,no_filter,,1,24,21,,,
managing it infrastructure,no_filter,,1,35,20,,,
sap mm module,subsuper,,1,34,19,,,
pro engineer,no_filter,,1,35,14,,,
skilled communicator,subsuper,,1,2,14,,,
certified project manager,subsuper,,1,12,12,,,
perfectionist,no_filter,,1,26,11,,,
occupational first aid,no_filter,,1,14,9,,,
innovative problem solver,subsuper,,1,11,8,,,
basic photoshop,no_filter,,1,10,8,,,
certified ethical hacker,subsuper,,1,5,7,,,
ubs accounting system,subsuper,,1,8,5,,,
goggles,no_filter,,1,2,5,,,
awesomeness,no_filter,,1,0,5,,,
womenswear,no_filter,,1,2,4,,,
human relationship,no_filter,,1,1,4,,,
networking essentials,subsuper,,1,16,3,,,
binoculars,no_filter,,1,0,3,,,
needles,no_filter,,1,5,2,,,
social media strategist,subsuper,,1,1,2,,,
teaching adults,subsuper,,1,5,1,,,
mobile money,no_filter,,1,5,1,,,
organisation change,subsuper,,1,2,1,,,
administraion,no_filter,,1,2,1,,,
handheld scanners,no_filter,,1,2,1,,,
camcorders,no_filter,,1,1,1,,,
lingerie,no_filter,,1,1,1,,,
lifting belts,subsuper,,1,0,1,,,
administrative professionals,no_filter,,1,0,1,,,
spirituality,no_filter,,1,0,1,,,
keyboard skills,no_filter,,1,54,0,,,
phone skills,no_filter,,1,52,0,,,
editorial skills,subsuper,,1,20,0,,,
secretarial skills,subsuper,,1,8,0,,,
eco friendly,no_filter,,1,5,0,,,
strategic selling skills,subsuper,,1,3,0,,,
employee hiring,no_filter,,1,1,0,,,
exercise bands,subsuper,,1,0,0,,,
emergency lights,subsuper,,1,0,0,,,
route cases,subsuper,,1,0,0,,,
siemens teamcenter,subsuper,,1,0,0,,,
career transitions,subsuper,,1,0,0,,,
human modeling software,subsuper,,1,0,0,,,
bowling balls,no_filter,,1,0,0,,,
china sourcing,no_filter,,1,0,0,,,
dusters,no_filter,,1,0,0,,,
job description creation,no_filter,,1,0,0,,,
master of ceremonies,no_filter,,1,0,0,,,
preparing business cases,no_filter,,1,0,0,,,
safety showers,no_filter,,1,0,0,,,
shoe lasts,no_filter,,1,0,0,,,
pointers,no_filter,,2,1,94,,,
basic html,no_filter,,2,59,55,,,
fluent mandarin,subsuper,,2,64,33,,,
initiator,no_filter,,2,37,28,,,
staffing industry,subsuper,,2,14,28,,,
leading people,no_filter,,2,21,21,,,
comit,no_filter,,2,31,20,,,
multitasker,no_filter,,2,12,19,,,
passion for success,no_filter,,2,54,11,,,
cash handling experience,no_filter,,2,11,11,,,
overcoming challenges,no_filter,,2,17,10,,,
dedication to work,no_filter,,2,14,9,,,
knives,no_filter,,2,6,9,,,
at multitasking,no_filter,,2,14,7,,,
separations,no_filter,,2,5,7,,,
organisational behaviour,no_filter,,2,4,7,,,
win32,numerical,,2,16,6,,,
as400 system,subsuper,,2,14,6,,,
result oriented approach,subsuper,,2,5,5,,,
dedicated to work,no_filter,,2,5,5,,,
songs,no_filter,,2,3,5,,,
general practice,no_filter,,2,12,4,,,
executive positions,no_filter,,2,2,4,,,
ship repair manager,subsuper,,2,1,4,,,
registered nurses,no_filter,,2,1,4,,,
interactive whiteboards,subsuper,,2,0,3,,,
feature articles,no_filter,,2,7,2,,,
menswear,no_filter,,2,4,2,,,
hiring personnel,no_filter,,2,2,2,,,
sponges,no_filter,,2,1,2,,,
options pricing,subsuper,,2,5,1,,,
building business relationships,no_filter,,2,4,1,,,
experienced trainer,subsuper,,2,1,1,,,
negociation,no_filter,,2,1,1,,,
hiring employees,no_filter,,2,0,1,,,
sleeping,no_filter,,2,0,1,,,
alternative energy,no_filter,,2,3,0,,,
conductivity meters,no_filter,,2,3,0,,,
adapt it,no_filter,,2,1,0,,,
relationship mgmt,no_filter,,2,1,0,,,
receipt books,subsuper,,2,0,0,,,
ministry of defence,subsuper,,2,0,0,,,
hammers,subsuper,,2,0,0,,,
housekeeping carts,subsuper,,2,0,0,,,
metering pumps,subsuper,,2,0,0,,,
optical price scanners,subsuper,,2,0,0,,,
accurate record keeping,no_filter,,2,0,0,,,
box cutters,no_filter,,2,0,0,,,
certain software,no_filter,,2,0,0,,,
direct recruiting,no_filter,,2,0,0,,,
first responder,no_filter,,2,0,0,,,
measuring tapes,no_filter,,2,0,0,,,
monorails,no_filter,,2,0,0,,,
computer proficiency,subsuper,,3,215,120,,,
positive personality,subsuper,,3,136,72,,,
determination to succeed,subsuper,,3,103,43,,,
human relations,no_filter,,3,39,43,,,
certified scrum master,subsuper,,3,41,35,,,
ready to learn,no_filter,,3,34,27,,,
acta certified,subsuper,,3,70,26,,,
hard worker,no_filter,,3,46,25,,,
sap sd module,subsuper,,3,41,15,,,
automobiles,no_filter,,3,20,10,,,
large format printing,no_filter,,3,6,8,,,
masks,no_filter,,3,12,7,,,
deal making,no_filter,,3,7,7,,,
couples,no_filter,,3,9,5,,,
innovativeness,no_filter,,3,3,3,,,
headphones,no_filter,,3,1,3,,,
building customer loyalty,no_filter,,3,6,2,,,
driving profitability,subsuper,,3,3,2,,,
masterplanning,no_filter,,3,2,2,,,
online user experience,no_filter,,3,3,1,,,
professional staffing,subsuper,,3,0,1,,,
ferries,no_filter,,3,0,1,,,
fundraisers,no_filter,,3,0,1,,,
sales skills training,no_filter,,3,0,1,,,
great people skills,subsuper,,3,6,0,,,
jacks,subsuper,,3,5,0,,,
dividers,no_filter,,3,4,0,,,
emergency room,subsuper,,3,1,0,,,
coats,no_filter,,3,1,0,,,
professional counseling,subsuper,,3,0,0,,,
strengthening client relationships,subsuper,,3,0,0,,,
air blowers,no_filter,,3,0,0,,,
ambulances,no_filter,,3,0,0,,,
limousines,no_filter,,3,0,0,,,
chartered accountant,no_filter,,4,217,159,,,
fast learning,no_filter,,4,37,49,,,
positivity,no_filter,,4,48,29,,,
project managment,no_filter,,4,41,15,,,
network analyzers,no_filter,,4,29,15,,,
basic photography,no_filter,,4,18,10,,,
love to learn,no_filter,,4,58,9,,,
front arena,subsuper,,4,15,8,,,
herbal,no_filter,,4,8,7,,,
managing deadlines,no_filter,,4,6,6,,,
bicycles,no_filter,,4,18,5,,,
delivering on time,no_filter,,4,10,5,,,
mentoring of staff,no_filter,,4,5,4,,,
consultative selling style,subsuper,,4,0,3,,,
plannning,no_filter,,4,5,2,,,
blogger outreach,subsuper,,4,3,2,,,
website copy,no_filter,,4,1,2,,,
visionary thinking,subsuper,,4,0,2,,,
listening to customers,subsuper,,4,1,1,,,
driving sales performance,subsuper,,4,0,1,,,
multitasking skills,no_filter,,4,86,0,,,
program management skills,no_filter,,4,57,0,,,
entrepreneurial skills,no_filter,,4,36,0,,,
headhunters,no_filter,,4,11,0,,,
irons,subsuper,,4,2,0,,,
facials,no_filter,,4,1,0,,,
strategic sales initiatives,subsuper,,4,0,0,,,
ironing boards,no_filter,,4,0,0,,,
personal effectiveness,no_filter,,5,61,66,,,
dealing with ambiguity,no_filter,,5,64,59,,,
comfortable working independently,no_filter,,5,37,41,,,
master mariner,no_filter,,5,67,38,,,
fear,no_filter,,5,29,23,,,
ibm websphere mq,subsuper,,5,78,21,,,
managing processes,no_filter,,5,40,21,,,
sap material management,subsuper,,5,26,16,,,
business process excellence,no_filter,,5,10,15,,,
presenting to clients,subsuper,,5,19,11,,,
professional networking,subsuper,,5,14,10,,,
managing key accounts,subsuper,,5,6,8,,,
connecting people,no_filter,,5,1,7,,,
doubleclick for publishers,no_filter,,5,9,6,,,
mediterranean,no_filter,,5,3,5,,,
weapons,no_filter,,5,0,4,,,
change communication,subsuper,,5,3,3,,,
assessment centres,no_filter,,5,3,2,,,
intellectual property issues,subsuper,,5,2,2,,,
technical due diligence,no_filter,,5,2,2,,,
battery chargers,no_filter,,5,1,2,,,
depression,subsuper,,5,0,1,,,
powerpoint skills,no_filter,,5,332,0,,,
teaching skills,no_filter,,5,28,0,,,
increased profitability,subsuper,,5,0,0,,,
botox,no_filter,,5,0,0,,,
thumb drives,no_filter,,5,0,0,,,
grunt,no_filter,,6,192,94,,,
vendor management experience,subsuper,,6,71,49,,,
proactivity,no_filter,,6,65,37,,,
basic java,no_filter,,6,25,17,,,
clean energy,no_filter,,6,13,12,,,
timely decision making,subsuper,,6,4,6,,,
business in china,no_filter,,6,8,4,,,
musicians,no_filter,,6,6,2,,,
proven leadership skills,subsuper,,6,145,0,,,
telephone skills,no_filter,,6,93,0,,,
indirect sales channels,subsuper,,6,1,0,,,
air dryers,no_filter,,6,0,0,,,
brand ambassadors,no_filter,,6,0,0,,,
project management professional,subsuper,,7,165,148,,,
itil v3 foundation,subsuper,,7,137,94,,,
positive energy,no_filter,,7,61,53,,,
energetic team player,subsuper,,7,57,36,,,
persuasiveness,no_filter,,7,72,29,,,
ich guidelines,no_filter,,7,52,26,,,
grip,no_filter,,7,6,5,,,
vans,subsuper,,7,7,4,,,
human development,no_filter,,7,0,3,,,
brakes,no_filter,,7,2,2,,,
inspiring people,no_filter,,7,6,1,,,
prepaid cards,no_filter,,7,2,1,,,
dedicated professional,no_filter,,7,0,1,,,
managerial skills,subsuper,,7,149,0,,,
interview skills,no_filter,,7,34,0,,,
hotspot,no_filter,,7,1,0,,,
cash registers,no_filter,,7,0,0,,,
perseverance,no_filter,,8,271,220,,,
target oriented,no_filter,,8,335,130,,,
human resources management,subsuper,,8,225,119,,,
friendly personality,subsuper,,8,142,82,,,
achieving results,no_filter,,8,90,81,,,
inventor,no_filter,,8,110,47,,,
mitsubishi,no_filter,,8,39,35,,,
bulk carriers,no_filter,,8,17,15,,,
online video,no_filter,,8,33,14,,,
pets,no_filter,,8,24,14,,,
mixer,no_filter,,8,18,14,,,
special event,subsuper,,8,3,7,,,
personal protection,no_filter,,8,6,3,,,
recruitment process outsourcing,subsuper,,8,10,2,,,
social skills,subsuper,,8,158,0,,,
outspoken,no_filter,,9,352,125,,,
committed to work,no_filter,,9,157,90,,,
direct response,no_filter,,9,55,36,,,
enthusiast,no_filter,,9,54,32,,,
outside sales,no_filter,,9,8,14,,,
clerical work,no_filter,,9,29,11,,,
sustainable energy,no_filter,,9,5,10,,,
industrials,no_filter,,9,11,8,,,
change leadership,subsuper,,9,22,7,,,
managing database,no_filter,,9,28,6,,,
leadership initiatives,no_filter,,9,0,5,,,
calculators,no_filter,,9,13,3,,,
coordinating events,no_filter,,9,5,3,,,
herbs,no_filter,,9,4,3,,,
bathrooms,no_filter,,9,1,3,,,
advertising copy,subsuper,,9,3,1,,,
headhunt,no_filter,,9,2,1,,,
freedom to operate,no_filter,,9,0,1,,,
negotiation skill,subsuper,,9,178,0,,,
disc,no_filter,,10,3,91,,,
humor,no_filter,,10,111,88,,,
superior client service,subsuper,,10,50,34,,,
quality center,no_filter,,10,149,27,,,
ladders,no_filter,,10,18,14,,,
grains,no_filter,,10,7,7,,,
promos,no_filter,,10,4,6,,,
smiling,no_filter,,10,11,4,,,
scissors,no_filter,,10,9,2,,,
exceptional people skills,subsuper,,10,9,0,,,
business affairs,no_filter,,10,1,0,,,
proficient in english,no_filter,,11,930,571,,,
design pattern,no_filter,,11,81,80,,,
solid works,no_filter,,11,136,64,,,
interpersonal savvy,subsuper,,11,26,20,,,
particles,no_filter,,11,8,10,,,
turnarounds,no_filter,,11,6,8,,,
basic networking,subsuper,,12,154,99,,,
design of experiment,no_filter,,12,44,48,,,
home care,no_filter,,12,34,35,,,
texture,subsuper,,12,58,26,,,
personal training,no_filter,,12,50,20,,,
marketing online,no_filter,,12,39,15,,,
development of people,no_filter,,12,10,6,,,
relaxation,no_filter,,12,13,5,,,
driving business growth,subsuper,,12,6,2,,,
event organizer,subsuper,,12,5,2,,,
celebrity,no_filter,,12,4,1,,,
training skills,no_filter,,12,128,0,,,
active listening,subsuper,,13,159,158,,,
confined space,subsuper,,13,147,47,,,
basic sql,no_filter,,13,57,35,,,
lasers,subsuper,,13,34,34,,,
leading change,subsuper,,13,37,27,,,
electricians,no_filter,,13,20,13,,,
boats,no_filter,,13,8,12,,,
drinking,subsuper,,13,8,11,,,
print ads,subsuper,,13,12,6,,,
government affairs,no_filter,,13,6,4,,,
compensations,no_filter,,13,2,4,,,
administrative assistants,no_filter,,13,1,2,,,
listener,no_filter,,14,213,215,,,
versatility,no_filter,,14,53,76,,,
wireless communications,no_filter,,14,63,36,,,
non destructive testing,no_filter,,14,16,19,,,
sponsoring,no_filter,,14,12,14,,,
sales excellence,no_filter,,14,7,13,,,
head hunting,no_filter,,14,13,8,,,
bands,subsuper,,14,17,7,,,
monthly close,no_filter,,14,7,6,,,
safety shoes,no_filter,,14,89,5,,,
coaching staff,no_filter,,14,6,2,,,
eagerness to learn,no_filter,,15,134,82,,,
managing events,no_filter,,15,19,25,,,
flexible benefits,subsuper,,15,27,19,,,
surgeons,no_filter,,15,14,12,,,
total quality management,subsuper,,15,29,10,,,
call centers,no_filter,,15,14,8,,,
winches,subsuper,,15,26,6,,,
driving operational excellence,subsuper,,15,10,3,,,
drinking water,subsuper,,15,1,3,,,
deadline driven,no_filter,,16,290,205,,,
deep excavation,no_filter,,16,69,36,,,
loaders,subsuper,,16,31,19,,,
financial due diligence,no_filter,,16,49,12,,,
eating,no_filter,,16,140,8,,,
voice over,subsuper,,16,33,7,,,
sales force effectiveness,no_filter,,16,10,7,,,
branding initiatives,no_filter,,16,3,2,,,
client facing skills,no_filter,,16,172,0,,,
presentation preparation,subsuper,,17,17,17,,,
fragrances,no_filter,,17,24,15,,,
springs,no_filter,,17,32,14,,,
accurate data entry,subsuper,,17,19,11,,,
integrated marketing communications,subsuper,,17,9,8,,,
handheld devices,no_filter,,17,19,5,,,
it savvy,no_filter,,18,801,441,,,
social work,subsuper,,18,355,216,,,
offset,no_filter,,18,252,134,,,
innovator,no_filter,,18,27,23,,,
adventure,no_filter,,18,46,22,,,
disks,no_filter,,18,27,15,,,
slots,no_filter,,18,81,6,,,
cost saving initiatives,no_filter,,18,4,6,,,
work well independently,no_filter,,19,311,178,,,
analytical approach,subsuper,,19,100,75,,,
interiors,no_filter,,19,84,30,,,
flying,no_filter,,19,17,14,,,
long term care,no_filter,,19,10,13,,,
logos,subsuper,,19,9,12,,,
developing client relationships,subsuper,,19,20,10,,,
reorganization,no_filter,,19,3,9,,,
professional engineer,no_filter,,20,165,108,,,
security clearance,no_filter,,20,134,55,,,
research methodology,subsuper,,20,38,24,,,
weights,no_filter,,20,18,11,,,
leadership skill,subsuper,,20,210,0,,,
service now,no_filter,,21,75,58,,,
total rewards,subsuper,,21,24,57,,,
database management systems,subsuper,,21,86,44,,,
grids,no_filter,,21,30,16,,,
pharmacists,no_filter,,21,17,5,,,
conditioning,subsuper,,22,463,139,,,
gadgets,no_filter,,22,61,36,,,
advertising and promotions,subsuper,,22,7,5,,,
basic programming,subsuper,,23,131,108,,,
excel macros,no_filter,,23,167,76,,,
self management,subsuper,,23,86,65,,,
active team player,subsuper,,24,256,129,,,
people leadership,no_filter,,24,46,49,,,
premiere,subsuper,,24,231,42,,,
metering,subsuper,,24,82,33,,,
relocations,no_filter,,24,14,5,,,
innovative thinking,subsuper,,25,85,94,,,
personal computers,subsuper,,25,23,25,,,
driving growth,subsuper,,25,20,25,,,
minute taking,no_filter,,25,11,7,,,
control self assessment,subsuper,,25,16,6,,,
banking and finance,subsuper,,27,379,2059,,,
auto cad,subsuper,,27,319,177,,,
marketing digital,no_filter,,27,70,65,,,
copy writing,no_filter,,27,101,57,,,
personal protective equipment,no_filter,,27,10,21,,,
magic,no_filter,,27,22,7,,,
supervisory experience,subsuper,,28,1352,674,,,
managerial experience,subsuper,,28,740,296,,,
leading projects,no_filter,,28,74,59,,,
casualty,no_filter,,28,83,52,,,
pet,no_filter,,28,38,35,,,
teambuilding,no_filter,,28,30,20,,,
south america,no_filter,,28,7,14,,,
goal oriented,no_filter,,29,541,385,,,
patience,no_filter,,29,515,301,,,
early childhood,no_filter,,29,983,283,,,
dairy,no_filter,,29,85,56,,,
visionary,subsuper,,29,70,54,,,
good clinical practice,subsuper,,29,48,25,,,
detail engineering,no_filter,,29,42,22,,,
issues management,no_filter,,29,23,21,,,
banquets,no_filter,,29,15,10,,,
coordinate events,no_filter,,29,3,2,,,
procure to pay,no_filter,,30,40,34,,,
fresh ideas,no_filter,,30,35,23,,,
supplements,subsuper,,30,8,22,,,
master planning,no_filter,,30,31,15,,,
brand communications,no_filter,,30,35,9,,,
facilitators,no_filter,,30,8,7,,,
personas,no_filter,,31,78,30,,,
trucks,subsuper,,31,30,23,,,
operations excellence,no_filter,,31,11,15,,,
client communications,no_filter,,31,23,13,,,
completions,no_filter,,31,24,7,,,
new hire orientation,subsuper,,31,8,3,,,
scrum master,subsuper,,32,200,154,,,
inpatient,no_filter,,32,41,26,,,
it skills,no_filter,,32,915,0,,,
special needs,no_filter,,33,141,103,,,
rock,no_filter,,33,39,50,,,
stands,no_filter,,33,24,9,,,
interpersonal skill,subsuper,,33,1293,0,,,
listening skills,subsuper,,33,558,0,,,
sense of responsibility,subsuper,,34,1141,673,,,
business events,subsuper,,34,55,26,,,
open minded,no_filter,,35,439,387,,,
terrorism,subsuper,,35,38,31,,,
mobile phones,no_filter,,35,28,15,,,
efficiency improvement,subsuper,,35,20,3,,,
punctual,no_filter,,36,665,225,,,
software quality,no_filter,,36,219,36,,,
cash register,no_filter,,36,19,17,,,
retirement,no_filter,,36,26,13,,,
excellent communicator,subsuper,,37,351,319,,,
adults,subsuper,,37,136,65,,,
job postings,no_filter,,37,48,10,,,
tankers,subsuper,,38,175,78,,,
organizational change,subsuper,,38,62,54,,,
goal setting,no_filter,,38,37,28,,,
manage client relationships,subsuper,,38,32,14,,,
decision making skills,subsuper,,38,616,0,,,
negotiating contracts,subsuper,,39,41,24,,,
customs clearance,subsuper,,40,24,24,,,
idea generation,no_filter,,40,39,22,,,
patents,no_filter,,41,57,35,,,
know your customer,no_filter,,41,34,24,,,
creative thinking,subsuper,,42,474,257,,,
delivering results,no_filter,,43,140,187,,,
logo,no_filter,,44,11,5,,,
police,no_filter,,45,239,142,,,
accounting and finance,subsuper,,45,236,134,,,
eye for details,no_filter,,46,1597,950,,,
quality management systems,subsuper,,46,61,63,,,
animals,no_filter,,46,123,61,,,
client due diligence,no_filter,,46,54,58,,,
train staff,no_filter,,47,50,21,,,
spokesperson,no_filter,,47,31,14,,,
professional experience,no_filter,,48,1314,910,,,
scale up,no_filter,,48,28,39,,,
athletes,no_filter,,48,31,15,,,
organisational skills,no_filter,,48,1589,0,,,
startups,no_filter,,49,99,82,,,
medical affairs,subsuper,,49,46,40,,,
not for profit,subsuper,,49,82,23,,,
people skills,subsuper,,49,846,0,,,
hr generalist,no_filter,,50,361,189,,,
hair,no_filter,,50,166,75,,,
separation,no_filter,,50,86,69,,,
imagination,no_filter,,51,103,62,,,
learning solutions,no_filter,,51,18,21,,,
management of change,subsuper,,51,20,12,,,
newspaper,no_filter,,51,7,6,,,
galleries,no_filter,,51,5,3,,,
language skills,no_filter,,51,1258,0,,,
advertising agency,subsuper,,53,173,100,,,
sport,no_filter,,53,131,77,,,
vibration,subsuper,,53,115,44,,,
business excellence,no_filter,,53,54,17,,,
institutional investors,no_filter,,53,19,8,,,
staff engagement,subsuper,,53,6,7,,,
quick learner,no_filter,,55,568,394,,,
basic accounting,subsuper,,55,401,266,,,
humanities,no_filter,,56,119,72,,,
shareholder,no_filter,,56,23,8,,,
strategist,subsuper,,57,52,48,,,
company secretarial,subsuper,,58,32,23,,,
scholarships,no_filter,,58,3,8,,,
project management office,subsuper,,59,42,31,,,
landlords,no_filter,,59,14,7,,,
strong business acumen,no_filter,,60,997,693,,,
corruption,no_filter,,60,82,42,,,
customer due diligence,no_filter,,61,91,35,,,
full sdlc,subsuper,,62,272,175,,,
leisure,no_filter,,62,121,59,,,
call center,subsuper,,63,316,141,,,
dispensing,no_filter,,63,43,25,,,
terminations,no_filter,,63,9,9,,,
webinars,no_filter,,64,30,35,,,
author,no_filter,,65,147,117,,,
fans,subsuper,,65,30,28,,,
networking events,subsuper,,65,18,15,,,
computer literate,subsuper,,66,3463,1556,,,
work ethic,no_filter,,66,1060,718,,,
selling skills,subsuper,,66,269,0,,,
caring,no_filter,,67,269,180,,,
personal assistant,no_filter,,67,73,73,,,
remedy,subsuper,,68,136,88,,,
fund managers,no_filter,,68,15,16,,,
alarms,no_filter,,68,8,16,,,
interpersonal communication skills,subsuper,,68,1378,0,,,
curiosity,no_filter,,69,483,476,,,
conversation,no_filter,,69,173,143,,,
empowerment,no_filter,,69,63,51,,,
new product launch,no_filter,,69,13,11,,,
reality,subsuper,,70,156,130,,,
optimizations,no_filter,,70,45,39,,,
assortment,no_filter,,70,19,16,,,
prioritisation,no_filter,,71,316,168,,,
loyal,no_filter,,71,38,31,,,
joiners,no_filter,,71,32,27,,,
obesity,no_filter,,71,23,1,,,
fast learner,no_filter,,72,1449,1006,,,
flexible working,subsuper,,73,806,431,,,
vacation,no_filter,,73,109,68,,,
cooling,no_filter,,73,151,58,,,
permit to work,no_filter,,73,57,49,,,
lecturer,no_filter,,73,66,43,,,
ms words,no_filter,,74,2029,843,,,
speaker,subsuper,,74,278,212,,,
customer success,no_filter,,74,54,57,,,
supplier quality,subsuper,,74,56,29,,,
transitions,subsuper,,74,27,29,,,
retail operations,no_filter,,75,146,111,,,
arena,subsuper,,75,131,86,,,
driving license,subsuper,,76,3309,1642,,,
brand standards,no_filter,,76,18,14,,,
multicultural,no_filter,,77,782,528,,,
high tech,no_filter,,77,281,207,,,
pain,no_filter,,77,149,72,,,
tank,no_filter,,77,71,49,,,
eye for detail,no_filter,,78,1399,806,,,
calm,no_filter,,78,488,362,,,
education and training,subsuper,,78,53,39,,,
applications support,no_filter,,79,71,24,,,
cuisine,no_filter,,80,914,145,,,
lifting,subsuper,,80,393,124,,,
formation,no_filter,,80,53,40,,,
forth,no_filter,,81,51,34,,,
seniors,no_filter,,83,127,78,,,
frames,no_filter,,84,94,60,,,
landlord,no_filter,,84,9,6,,,
next generation sequencing,no_filter,,85,76,34,,,
forward thinking,no_filter,,86,282,200,,,
fiber,no_filter,,86,191,101,,,
blog,no_filter,,86,63,62,,,
myanmar,no_filter,,87,79,75,,,
letter of credit,no_filter,,87,115,71,,,
vendor relationships,subsuper,,88,51,37,,,
tenant,no_filter,,88,22,32,,,
influential,no_filter,,89,199,173,,,
analog,subsuper,,90,424,213,,,
communications strategy,no_filter,,90,27,26,,,
after sales support,subsuper,,90,12,14,,,
ranges,no_filter,,91,62,68,,,
money laundering,no_filter,,94,327,139,,,
pragmatic,no_filter,,97,430,290,,,
advocacy,no_filter,,97,106,72,,,
emergency response,subsuper,,98,65,24,,,
result oriented,subsuper,,99,2358,1242,,,
containers,no_filter,,102,115,117,,,
privacy,no_filter,,103,1093,1119,,,
new media,subsuper,,103,208,124,,,
23,numerical,,103,125,103,,,
resilience,no_filter,,104,510,400,,,
legal documents,subsuper,,105,65,48,,,
black,subsuper,,108,324,966,,,
libraries,subsuper,,108,756,592,,,
character,no_filter,,109,583,341,,,
growth strategy,no_filter,,109,25,20,,,
flights,no_filter,,110,25,27,,,
attention to details,no_filter,,112,2345,1491,,,
analytical abilities,subsuper,,112,223,166,,,
alliances,no_filter,,112,52,21,,,
board of directors,no_filter,,112,34,20,,,
employee benefits,subsuper,,113,120,123,,,
theory,no_filter,,114,638,360,,,
hardworking,no_filter,,116,2250,1127,,,
artists,no_filter,,116,130,46,,,
month end close,no_filter,,117,22,17,,,
results oriented,no_filter,,120,2249,1385,,,
general accounting,subsuper,,121,105,88,,,
diligent,no_filter,,122,875,544,,,
ocean,subsuper,,122,211,86,,,
producers,no_filter,,122,60,41,,,
recruitment and selection,subsuper,,123,22,15,,,
admissions,no_filter,,126,43,44,,,
contact centre,no_filter,,127,234,154,,,
customer focus,no_filter,,129,884,608,,,
negotiation skills,no_filter,,129,3129,0,,,
quality systems,no_filter,,131,208,150,,,
lessons learned,no_filter,,131,44,35,,,
good interpersonal skills,subsuper,,131,5019,0,,,
multi tasking,no_filter,,133,2320,1429,,,
native,no_filter,,133,1033,862,,,
memory,no_filter,,134,438,261,,,
building relationships,no_filter,,138,236,233,,,
futures,no_filter,,138,300,227,,,
customer oriented,no_filter,,140,2351,1172,,,
senior executives,no_filter,,142,449,303,,,
meet deadlines,no_filter,,143,2247,1510,,,
green,subsuper,,143,723,410,,,
versatile,no_filter,,143,422,282,,,
manufacture,no_filter,,144,89,71,,,
lifestyle,no_filter,,145,208,199,,,
detail oriented,no_filter,,150,2409,1809,,,
architectures,no_filter,,150,1077,548,,,
settlements,no_filter,,150,263,143,,,
estimating,subsuper,,150,197,137,,,
client engagement,subsuper,,151,162,66,,,
beauty,no_filter,,152,944,385,,,
guest satisfaction,no_filter,,153,19,25,,,
team oriented,no_filter,,155,1069,782,,,
new product introduction,no_filter,,156,61,64,,,
tax returns,no_filter,,156,29,21,,,
organizational skills,no_filter,,156,4186,0,,,
origination,subsuper,,161,136,79,,,
computers,subsuper,,162,493,263,,,
stress,no_filter,,163,1801,937,,,
switch,subsuper,,164,482,299,,,
strong analytical skills,subsuper,,168,3390,0,,,
commentary,no_filter,,169,45,22,,,
origin,no_filter,,170,732,546,,,
customs,subsuper,,173,274,148,,,
communication skill,subsuper,,175,2789,0,,,
intervention,no_filter,,176,136,73,,,
self driven,subsuper,,179,2854,1812,,,
determination,subsuper,,187,617,328,,,
trusted advisor,no_filter,,188,142,96,,,
acquiring,no_filter,,189,137,87,,,
route,subsuper,,190,213,143,,,
utility,no_filter,,190,209,132,,,
disciplined,no_filter,,191,1058,646,,,
detailing,no_filter,,191,300,169,,,
images,no_filter,,196,106,88,,,
service excellence,no_filter,,197,295,240,,,
preparation of reports,no_filter,,197,44,22,,,
residential,subsuper,,201,553,248,,,
supportive,no_filter,,201,263,198,,,
induction,no_filter,,201,67,53,,,
corporate secretarial,subsuper,,202,345,218,,,
land,subsuper,,204,388,147,,,
new product development,subsuper,,206,88,64,,,
stories,no_filter,,209,245,151,,,
key account,subsuper,,209,289,72,,,
counselling,subsuper,,211,310,251,,,
north america,no_filter,,217,84,54,,,
lean,subsuper,,218,1196,551,,,
presales,subsuper,,223,355,179,,,
radio,subsuper,,223,243,140,,,
debt,subsuper,,223,271,97,,,
onshore,no_filter,,227,603,207,,,
container,subsuper,,233,260,256,,,
organised,no_filter,,235,2942,1671,,,
recipes,no_filter,,236,197,83,,,
fluent,subsuper,,238,6556,4025,,,
ships,subsuper,,242,203,129,,,
script,subsuper,,243,1253,681,,,
classroom,no_filter,,243,634,276,,,
press,subsuper,,243,187,104,,,
administrative work,no_filter,,247,229,118,,,
monthly closing,no_filter,,247,15,19,,,
general administrative duties,no_filter,,248,40,24,,,
audio,no_filter,,249,503,324,,,
replenishment,no_filter,,249,44,50,,,
monthly reporting,no_filter,,252,61,21,,,
evidence,no_filter,,253,622,405,,,
ingredients,no_filter,,254,236,202,,,
restaurants,no_filter,,254,498,183,,,
reservations,subsuper,,254,173,91,,,
imaging,subsuper,,256,433,259,,,
certifications,subsuper,,257,3164,2207,,,
vietnam,no_filter,,258,215,153,,,
feed,no_filter,,259,153,87,,,
motivation,no_filter,,260,2357,1170,,,
personality,subsuper,,261,7608,3786,,,
port,no_filter,,262,306,196,,,
diagnostics,subsuper,,262,306,125,,,
data centre,subsuper,,263,650,388,,,
customer relationship,subsuper,,264,678,189,,,
buyers,no_filter,,265,118,58,,,
institutional clients,no_filter,,266,48,41,,,
game,subsuper,,267,411,222,,,
strength,no_filter,,268,381,280,,,
identity,subsuper,,272,734,506,,,
forwarders,no_filter,,276,99,30,,,
systematic,no_filter,,278,1192,602,,,
club,no_filter,,282,296,130,,,
resourceful,no_filter,,283,6738,3827,,,
patterns,no_filter,,284,1624,618,,,
cell,subsuper,,284,596,208,,,
hospitality,subsuper,,292,3002,1151,,,
disputes,subsuper,,295,114,77,,,
grants,no_filter,,296,147,102,,,
issue resolution,no_filter,,299,173,135,,,
southeast asia,no_filter,,312,239,187,,,
books,subsuper,,318,150,99,,,
ambitious,no_filter,,319,632,465,,,
certified,subsuper,,320,3957,2060,,,
vehicles,subsuper,,321,254,123,,,
marketing communications,subsuper,,333,675,435,,,
service level agreements,no_filter,,335,130,97,,,
interpretation,subsuper,,339,595,336,,,
problem resolution,no_filter,,339,333,241,,,
trend,subsuper,,339,301,141,,,
thailand,no_filter,,354,257,171,,,
directing,no_filter,,354,195,141,,,
middle east,no_filter,,355,173,110,,,
buying,subsuper,,361,411,248,,,
business partner,subsuper,,365,216,176,,,
self starter,subsuper,,367,4548,3295,,,
installations,no_filter,,367,354,179,,,
balances,no_filter,,367,83,84,,,
teachers,no_filter,,377,607,277,,,
clearing,subsuper,,381,333,180,,,
library,no_filter,,382,460,356,,,
plays,no_filter,,385,105,71,,,
stability,no_filter,,386,279,124,,,
flexibility,no_filter,,388,2201,1746,,,
fix,subsuper,,392,459,294,,,
treatment,subsuper,,394,678,192,,,
enthusiastic,no_filter,,399,1726,1229,,,
cargo,no_filter,,404,333,256,,,
market intelligence,no_filter,,404,103,87,,,
team work,no_filter,,406,842,623,,,
attention to detail,no_filter,,408,6470,4762,,,
hotels,no_filter,,416,506,358,,,
good communication skills,subsuper,,418,9196,0,,,
printers,subsuper,,425,259,212,,,
effective communication,no_filter,,427,1475,1127,,,
meticulous,no_filter,,435,13792,8125,,,
oral,no_filter,,435,8655,4464,,,
trust,no_filter,,443,884,710,,,
news,no_filter,,446,284,226,,,
collections,no_filter,,446,274,133,,,
variances,no_filter,,461,83,61,,,
business plan,subsuper,,464,82,81,,,
quantitative,subsuper,,467,2022,1476,,,
stores,no_filter,,467,259,177,,,
territory,no_filter,,468,320,180,,,
problem solving skills,no_filter,,469,9758,0,,,
business growth,subsuper,,470,113,106,,,
exercises,no_filter,,471,261,134,,,
mom,no_filter,,475,1857,1204,,,
emergency,subsuper,,475,448,200,,,
indonesia,no_filter,,476,661,316,,,
real time,subsuper,,481,752,537,,,
issuing,no_filter,,496,119,76,,,
presenting,subsuper,,502,820,638,,,
chemical,subsuper,,506,4169,1389,,,
image,subsuper,,511,830,413,,,
diversity,no_filter,,512,2816,1543,,,
visual,subsuper,,512,2911,591,,,
partnering,subsuper,,518,651,276,,,
human resource,subsuper,,522,2087,634,,,
equipments,no_filter,,530,412,206,,,
margin,no_filter,,540,264,1491,,,
assurance,subsuper,,546,2041,476,,,
funds,subsuper,,547,333,222,,,
reconciliations,no_filter,,549,180,92,,,
reputation,no_filter,,551,310,218,,,
investigations,subsuper,,561,350,211,,,
movement,no_filter,,564,151,138,,,
property,subsuper,,576,1101,359,,,
voice,subsuper,,586,716,423,,,
administrator,subsuper,,594,816,436,,,
producing,subsuper,,594,677,408,,,
organized,no_filter,,597,5820,3659,,,
process improvements,no_filter,,598,323,223,,,
special projects,no_filter,,598,133,66,,,
templates,subsuper,,599,345,250,,,
rewards,subsuper,,600,807,401,,,
human resources,subsuper,,601,1931,1229,,,
client service,subsuper,,615,862,479,,,
reliable,no_filter,,620,1548,950,,,
controlling,subsuper,,621,507,294,,,
factory,subsuper,,627,342,211,,,
seminars,no_filter,,630,227,137,,,
flexible,subsuper,,633,6418,3380,,,
analysts,no_filter,,670,462,181,,,
promoting,no_filter,,689,385,194,,,
stage,no_filter,,697,462,304,,,
outgoing,no_filter,,710,2124,1152,,,
treasury,subsuper,,712,1030,638,,,
courses,no_filter,,716,1402,642,,,
orientation,subsuper,,720,2518,1753,,,
kitchen,no_filter,,730,1507,589,,,
marine,no_filter,,733,3154,1043,,,
pre sales,no_filter,,733,647,443,,,
recording,subsuper,,736,325,178,,,
upgrades,no_filter,,759,439,299,,,
monitors,no_filter,,773,184,138,,,
europe,no_filter,,779,352,282,,,
rates,no_filter,,791,421,293,,,
consultancy,subsuper,,796,2160,849,,,
promotions,subsuper,,797,272,170,,,
environmental,subsuper,,812,1278,519,,,
receiving,no_filter,,815,365,198,,,
interviews,subsuper,,820,548,333,,,
process improvement,no_filter,,824,1004,610,,,
respect,no_filter,,825,1273,1288,,,
campaign,subsuper,,828,690,397,,,
costing,subsuper,,837,672,358,,,
power,subsuper,,848,3547,1050,,,
social,subsuper,,857,5136,1423,,,
laboratory,subsuper,,900,1261,738,,,
science,subsuper,,909,23066,3328,,,
consistency,no_filter,,911,398,209,,,
consumer,subsuper,,917,1993,889,,,
networks,subsuper,,958,2057,1191,,,
analyses,no_filter,,966,549,418,,,
reduce,no_filter,,971,386,240,,,
sound,subsuper,,973,4830,3123,,,
channel,subsuper,,974,1176,466,,,
interaction,no_filter,,982,1706,991,,,
plant,subsuper,,988,1804,758,,,
decision making,subsuper,,1031,2410,1732,,,
hotel,subsuper,,1064,2686,1015,,,
skill,subsuper,,1069,12265,0,,,
profit,subsuper,,1070,659,400,,,
associate,no_filter,,1086,1102,703,,,
discipline,no_filter,,1131,14735,8536,,,
vision,subsuper,,1171,1698,988,,,
initiative,no_filter,,1184,10447,6846,,,
coverage,no_filter,,1184,983,573,,,
designs,subsuper,,1184,1197,518,,,
selection,subsuper,,1185,1496,1184,,,
verification,subsuper,,1189,657,397,,,
price,subsuper,,1190,343,226,,,
methodology,subsuper,,1192,2847,2041,,,
independent,no_filter,,1223,12691,7244,,,
food,subsuper,,1240,3590,1549,,,
event,subsuper,,1342,1603,621,,,
profitability,subsuper,,1369,431,258,,,
asset,subsuper,,1370,2163,1202,,,
audits,subsuper,,1380,610,320,,,
awareness,subsuper,,1408,2480,1326,,,
consulting,subsuper,,1428,5110,3015,,,
governance,no_filter,,1477,1338,683,,,
education,subsuper,,1487,15345,7867,,,
safe,no_filter,,1503,647,502,,,
integrity,no_filter,,1539,4327,2625,,,
self,subsuper,,1564,24476,15081,,,
supplier,subsuper,,1569,761,550,,,
purchase,no_filter,,1573,444,255,,,
budgets,subsuper,,1578,954,618,,,
proactive,no_filter,,1641,8653,5438,,,
innovation,subsuper,,1742,1570,1277,,,
consultant,no_filter,,1749,4566,1892,,,
engagement,subsuper,,1752,1881,889,,,
overseas,no_filter,,1762,2684,1800,,,
culture,subsuper,,1799,5044,3010,,,
expert,no_filter,,1805,3002,2239,,,
offices,no_filter,,1821,950,562,,,
forecast,no_filter,,1866,440,329,,,
controls,subsuper,,1900,2018,1041,,,
organisation,subsuper,,1902,4264,2511,,,
hardware,subsuper,,1934,3525,1881,,,
project manager,subsuper,,1943,1160,822,,,
stock,subsuper,,1967,692,321,,,
distribution,subsuper,,1996,1669,959,,,
competitive,subsuper,,2144,5532,3328,,,
benefits,subsuper,,2159,7042,3233,,,
contracts,subsuper,,2168,1344,713,,,
evaluation,subsuper,,2179,1181,735,,,
supervision,subsuper,,2194,8756,5339,,,
house,no_filter,,2284,1827,1217,,,
parties,no_filter,,2318,1622,1079,,,
best practices,no_filter,,2390,2774,2108,,,
consultants,no_filter,,2427,3163,1695,,,
policy,subsuper,,2459,2114,1428,,,
installation,subsuper,,2459,2236,1248,,,
regulatory,subsuper,,2519,4054,1753,,,
dynamic,no_filter,,2535,7398,4814,,,
efficiency,subsuper,,2582,1282,779,,,
vendor,subsuper,,2652,2725,1160,,,
commercial,subsuper,,2779,5695,3498,,,
innovative,subsuper,,2814,3511,2257,,,
change,subsuper,,2844,5881,3088,,,
impact,subsuper,,2844,2533,1775,,,
tracking,subsuper,,2881,1886,1052,,,
international,subsuper,,2919,7901,3987,,,
trends,no_filter,,2959,3459,2522,,,
inventory,subsuper,,2988,1744,871,,,
director,subsuper,,3310,1356,885,,,
feedback,no_filter,,3325,1584,1230,,,
levels,subsuper,,3332,14337,8611,,,
targets,no_filter,,3467,2161,1473,,,
responsibility,subsuper,,3563,4416,1715,,,
contract,subsuper,,3956,5775,2837,,,
